Title;FirstName;id_user;New codes
;Dypro Jarle;4A60425C000000;361824650
;T 31 Leil 102;AAA0425C000000;361841130
;T 31 Leil 103;A4BD3C46000000;798048548
;T 31 Leil 103;6A53385A000000;309621354
;T 31 Leil 102;C4CE3C46000000;798052932
;T 31 Leil 104;AA8F435C000000;361936778
;T 31 Leil 104;94C03C46000000;798049300
;T 31 Leil 105;FA79425C000000;361831226
;T 31 Leil 105;5AA8425C000000;361843098
;T 31 Leil 201;B4A23E46000000;798241652
;T 31 Leil 201;74AF3E46000000;798244916
;T 31 Leil 202;2A65385A000000;309625898
;T 31 Leil 202;2A83385A000000;309633578
;Dypro Arnt;1A85385A000000;309634074
;Dypro Hans;CA835F5A000000;313533738
;Dypro Lilly;;
;T 31 Leil 203;54BB3C46000000;798047956
;T 31 Leil 203;14AF3C46000000;798044820
;T 31 Leil 204;B47CC44A000000;914031924
;T 31 Leil 204;B493C44A000000;914037812
;T 31 Leil 205;944AC44A000000;914019092
;T 31 Leil 205;94C3C44A000000;914050068
;T 31 Leil 206;54A1C44A000000;914041300
;T 31 Leil 207;B4C93C46000000;798051636
;T 31 Leil 207;4499C44A000000;914039236
;T 31 Leil 208;B4B23C46000000;798045748
;T 31 Leil 208;4A2C425C000000;361811338
;Dypro Tone;EA3B385A000000;309615338
;Dypro PŒl;2A7B385A000000;309631530
;Dypro Pawel;CA81425C000000;361833226
;T 31 Leil 301;2AC5435C000000;361950474
;T 31 Leil 301;7A29425C000000;361810618
;T 31 Leil 302;1A2A425C000000;361810778
;T 31 Leil 302;2AC0435C000000;361949194
;T 31 Leil 303;74EB3B46000000;797960276
;T 31 Leil 303;AA51425C000000;361820906
;T 31 Leil 304;B4613C46000000;798025012
;T 31 Leil 304;AA42425C000000;361817066
;T 31 Leil 305;4A3A425C000000;361814922
;T 31 Leil 305;AA46425C000000;361818090
;T 31 Leil 306;44503C46000000;798020548
;T 31 Leil 306;6A9F435C000000;361940810
;T 31 Leil 307;44333F46000000;798313124
;T 31 Leil 307;5A80385A000000;309632858
;T 31 Leil 308;AA81385A000000;309633194
;T 31 Leil 308;AAA6435C000000;361942666
;T 31 Leil 401;94423F46000000;798317044
;T 31 Leil 401;942D3F46000000;798311668
;T 31 Leil 402;CAAD425C000000;361844490
;T 31 Leil 402;8AB0435C000000;361945194
;T 31 Leil 403;24523C46000000;798021028
;T 31 Leil 403;0494C44A000000;914037892
;T 31 Leil 404;64BFC44A000000;914048996
;T 31 Leil 404;E460C44A000000;914024804
;T 31 Leil 405;948EC44A000000;914036500
;T 31 Leil 405;B4D1C44A000000;914053684
;T 31 Leil 406;1453C44A000000;914021268
;T 31 Leil 407;8448C44A000000;914018564
;T 31 Leil 407;443DC44A000000;914015684
;T 31 Leil 408;DAAF435C000000;361945018
;T 31 Leil 408;942A3F46000000;798310900
;T 31 Leil 501;EA835F5A000000;313533770
;T 31 Leil 502;64C33C46000000;798050020
;T 31 Leil 503;7AAF435C000000;361944922
;T 31 Leil 502;34B33C46000000;798045876
;T 31 Leil 503;4A9C435C000000;361940010
;T 31 Leil 504;FA52435C000000;361921242
;T 31 Leil 504;84543C46000000;798021636
;T 31 Leil 505;0A9C435C000000;361939946
;T 31 Leil 505;EA8F425C000000;361836842
;T 31 Leil 506;CAC0435C000000;361949354
;T 31 Leil 506;8A49385A000000;309618826
;T 31 Leil 507;3AB0435C000000;361945114
;T 31 Leil 507;2ABE5F5A000000;313548682
;T 31 Leil 508;8A6A425C000000;361827274
;T 31 Leil 508;4A5B425C000000;361823370
;T 31 Leil 601;B4DBC44A000000;914056244
;T 31 Leil 601;749BC44A000000;914039796
;T 31 Leil 602;74C93C46000000;798051572
;T 31 Leil 602;AA58425C000000;361822698
;T 31 Leil 603;5A70425C000000;361828762
;T 31 Leil 603;6A4C385A000000;309619562
;Dypro Erik;EA3A425C000000;361815082
;Dypro Halvard;EAAC425C000000;361844266
;T 31 Leil 503;6A76385A000000;309630314
;T 31 Leil 601;;
;T 31 Leil 601;8A2B425C000000;361811146
;T 31 Leil 601;;
;T 31 Leil 601;64B33C46000000;798045924
;T 31 Leil 601;;
;T 31 Leil 402;2A68385A000000;309626666
;T 31 Leil 502;2A56385A000000;309622058
;T 31 garasjepl. 18;0A53425C000000;361821258
;T 31 garasjepl. 05;44C63C46000000;798050756
;T 31 garasjepl. 08;F464C44A000000;914025844
;T 31 garasjepl. 09;94BBC44A000000;914048020
;T 31 garasjepl. 12;74ADC44A000000;914044404
;T 31 garasjepl. 13;E446C44A000000;914018148
;T 31 garasjepl. 14;B4B13C46000000;798045492
;T 31 garasjepl. 15;94553C46000000;798021908
;T 31 garasjepl. 20;B4CBC44A000000;914052148
;T 31 Leil 303;0AA8425C000000;361843018
;T 31 Leil 303;84D1C44A000000;914053636
;T 31 Leil 208;44B3C44A000000;914045892
;T 31 Leil 208;945A3C46000000;798023188
;T 31 Leil 208;246FC44A000000;914028452
;T 31 garasjepl. 08;94B5C44A000000;914046484
;T 31 garasjepl. 15;EA77385A000000;309630698
;T 31 Leil 203;B4A9C44A000000;914043444
;T 31 Leil 203;14D9C44A000000;914055572
;Dypro Vaktmester T31;149FC44A000000;914040724
;T 31 Leil 304;A4DBC44A000000;914056228
;T 31 Leil 304;3465C44A000000;914025908
;Dypro HŒndverker;DA945F5A000000;313538106
;Dypro Eivind Myhre;04603C46000000;798024580
;T 31 Leil 501;94573C46000000;798022420
;T 31 Aftenposten;44613C46000000;798024900
;T 31 Aftenposten;74BB3C46000000;798047988
;T 31 Aftenposten;24203F46000000;179838228
;Dypro Portpartner;0A32385A000000;309612810
;T 31 garasjepl. 05;CA69385A000000;309627082
;Dypro;B45B3C46000000;798023476
;Netcom;0485C44A000000;914034052
;Netcom;844CC44A000000;914019588
;Netcom;C44EC44A000000;914020164
;T 47 Leil 209;049BC6D3000000;421439684
;T 47 Leil 209;D4D3C6D3000000;421454228
;T 47 Leil 210;D48BC6D3000000;421435796
;T 47 Leil 210;E49EC6D3000000;421440676
;T 47 Leil 211;B45CC6D3000000;421423732
;T 47 Leil 211;8414C7D3000000;542155252
;T 47 Leil 212;54E5C6D3000000;421458708
;T 47 Leil 212;8499C6D3000000;421439300
;T 47 Leil 213;6400B855000000;21944100
;T 47 Leil 213;34B6C6D3000000;421446644
;T 47 Leil 214;94DEC6D3000000;421456980
;T 47 Leil 214;649AC6D3000000;421439524
;T 47 Leil 215;3498C6D3000000;421438964
;T 47 Leil 215;54CAC6D3000000;421451796
;T 47 Leil 216;B4C4C6D3000000;421450356
;T 47 Leil 216;E445B855000000;194417892
;T 47 Leil 217;C4CBC6D3000000;421452164
;T 47 Leil 217;4430B855000000;194412356
;T 47 Leil 218;542AB855000000;194410836
;T 47 Leil 218;04B4C6D3000000;421446084
;T 47 Leil 219;74C6C6D3000000;421450804
;T 47 Leil 219;04DEC6D3000000;421456836
;T 47 Leil 220;8436B855000000;194413956
;T 47 Leil 220;54ACC6D3000000;421444116
;T 47 Leil 309;643EB855000000;194415972
;T 47 Leil 309;A4A4C6D3000000;421442148
;T 47 Leil 310;C4AEC6D3000000;421444740
;T 47 Leil 310;84BDC6D3000000;421448516
;T 47 Leil 311;1433B855000000;194413076
;T 47 Leil 312;744CC6D3000000;421419572
;T 47 Leil 313;A4A7C6D3000000;421442916
;T 47 Leil 313;648FC6D3000000;421436708
;T 47 Leil 314;0477C6D3000000;421430468
;T 47 Leil 314;54B3C6D3000000;421445908
;T 47 Leil 315;6425B855000000;219449572
;T 47 Leil 315;B4CDC6D3000000;421452660
;T 47 Leil 316;8486C6D3000000;421434436
;T 47 Leil 316;942BB855000000;194411156
;T 47 Leil 317;44CCC6D3000000;421452292
;T 47 Leil 317;94E6C6D3000000;421459028
;T 47 Leil 318;04B5BDD3000000;420546340
;T 47 Leil 318;2462C6D3000000;421425124
;T 47 Leil 319;54FCC6D3000000;421464596
;T 47 Leil 319;B49BBDD3000000;420539860
;T 47 Leil 320;C458C6D3000000;421422724
;T 47 Leil 320;5484C6D3000000;421433876
;T 47 Leil 409;B451B855000000;194420916
;T 47 Leil 409;C4BABDD3000000;420547812
;T 47 Leil 410;C4DCC6D3000000;421456516
;T 47 Leil 410;0459C6D3000000;421422788
;T 47 Leil 411;7462C6D3000000;421425204
;T 47 Leil 411;E429B855000000;194410724
;T 47 Leil 413;D493C6D3000000;421437844
;T 47 Leil 413;B4DCC6D3000000;421456500
;T 47 Leil 414;F450C6D3000000;421420724
;T 47 Leil 414;7A854434000000;338034170
;T 47 Leil 415;A44DC6D3000000;421419876
;T 47 Leil 416;74FCC6D3000000;421464628
;T 47 Leil 416;34D7C6D3000000;421455092
;T 47 Leil 417;8497C6D3000000;421438788
;T 47 Leil 417;34DBC6D3000000;421456116
;T 47 Leil 418;74B0BDD3000000;420545172
;T 47 Leil 418;2477C6D3000000;421430500
;T 47 Leil 419;34D4C6D3000000;421454324
;T 47 Leil 419;9484BDD3000000;420533940
;T 47 Leil 420;94A5C6D3000000;421442388
;T 47 Leil 420;148CC6D3000000;421435860
;T 47 Leil 509;8448B855000000;194418564
;T 47 Leil 509;742AB855000000;194410868
;T 47 Leil 510;14D9C6D3000000;421455572
;T 47 Leil 510;F4B6C6D3000000;421446836
;T 47 Leil 511;74D6C6D3000000;421454900
;T 47 Leil 512;249BC6D3000000;421439716
;T 47 Leil 512;E441B855000000;194416868
;T 47 Leil 513;7456C6D3000000;421422132
;T 47 Leil 513;9465C6D3000000;421426004
;T 47 Leil 514;04B8C6D3000000;421447108
;T 47 Leil 514;94D3C6D3000000;421454164
;T 47 Leil 515;24C1C6D3000000;421449444
;T 47 Leil 515;9431B855000000;194412692
;T 47 Leil 516;2460C6D3000000;421424612
;T 47 Leil 516;446DC6D3000000;421427972
;T 47 Leil 517;C452C6D3000000;421421188
;T 47 Leil 517;0466C6D3000000;421426116
;T 47 Leil 518;D44AB855000000;194419156
;T 47 Leil 518;046CC6D3000000;421427652
;T 47 Leil 519;A4ACBDD3000000;420544196
;T 47 Leil 519;D482BDD3000000;420533492
;T 47 Leil 520;24E5C6D3000000;421458660
;T 47 Leil 520;248EBDD3000000;420536388
;T 47 Leil 601;0485C6D3000000;421434052
;T 47 Leil 602;B430B855000000;194412468
;T 47 Leil 603;449EC6D3000000;421440516
;T 47 Leil 604;34A5C6D3000000;421442292
;T 47 Leil 605;0451C6D3000000;421420740
;T 47 Leil 606;14D5C6D3000000;421454548
;T 47 Leil 606;7426C7D3000000;542159844
;T 47 Leil 607;B4AABDD3000000;420543700
;T 47 Leil 607;2448B855000000;194418468
;T 47 Leil 608;F4BCBDD3000000;420548372
;T 47 Leil 608;C48BC6D3000000;421435780
;K 45 Leil 201;F44AC6D3000000;421419188
;K 45 Leil 201;F4B1C6D3000000;421445556
;K 45 Leil 202;64EEB755000000;194361028
;K 45 Leil 202;14ABC6D3000000;421443796
;K 45 Leil 602;24A2C6D3000000;421441508
;K 45 Leil 602;A488BDD3000000;420534980
;K 45 Leil 301;64A8C6D3000000;421443108
;K 45 Leil 301;B4DDC6D3000000;421456756
;K 45 Leil 302;F469C6D3000000;421427124
;K 45 Leil 302;E430B855000000;194412516
;K 45 Leil 303;B493C6D3000000;421437812
;K 45 Leil 303;F44AB855000000;194419188
;K 45 Leil 401;D498C6D3000000;421439124
;K 45 Leil 401;8428C7D3000000;421510372
;K 45 Leil 402;D4ACC6D3000000;421444244
;K 45 Leil 402;54A1C6D3000000;421441300
;K 45 Leil 403;F497C6D3000000;421438900
;K 45 Leil 403;D4D2C6D3000000;421453972
;K 45 Leil 501;248CC6D3000000;421435876
;K 45 Leil 501;14C2C6D3000000;421449684
;K 45 Leil 502;E46DC6D3000000;421428132
;K 45 Leil 502;44B2C6D3000000;421445636
;K 45 Leil 503;34A5BDD3000000;420542292
;K 45 Leil 503;24D4C6D3000000;421454308
;K 45 Leil 601;5498C6D3000000;421438996
;K 45 Leil 601;D4B0C6D3000000;421445268
;K 45 Leil 203;7402C7D3000000;54215628
;K 43 Leil 204;E4CCC6D3000000;421452452
;K 43 Leil 204;84E4C6D3000000;421458500
;K 43 Leil 205;C4BFC6D3000000;421449092
;K 43 Leil 205;34E5C6D3000000;421458676
;K 43 Leil 206;84C9C6D3000000;421451588
;K 43 Leil 206;F446B855000000;194418164
;K 43 Leil 304;D4BEC6D3000000;421448852
;K 43 Leil 304;84C3C6D3000000;421450052
;K 43 Leil 305;94A8BDD3000000;420543156
;K 43 Leil 305;247FBDD3000000;420532548
;K 43 Leil 306;A49BC6D3000000;421439844
;K 43 Leil 306;741EC7D3000000;542157796
;K 43 Leil 404;04D3C6D3000000;421454020
;K 43 Leil 404;A428B855000000;194410404
;K 43 Leil 405;C4E5C6D3000000;421458820
;K 43 Leil 405;0472C6D3000000;421429188
;K 43 Leil 406;149ABDD3000000;420539444
;K 43 Leil 406;34AFC6D3000000;421444852
;K 43 Leil 504;647DBDD3000000;420532100
;K 43 Leil 504;0455C6D3000000;421421764
;K 43 Leil 505;94B0C6D3000000;421445204
;K 43 Leil 505;A43BB855000000;194415268
;K 43 Leil 506;644FC6D3000000;421420324
;K 43 Leil 506;F4C2C6D3000000;421449908
;K 43 Leil 603;74EAB755000000;194360020
;K 43 Leil 603;044DB855000000;194419716
;S 36 Leil 101;9427B855000000;194410132
;S 36 Leil 101;64CBC6D3000000;421452068
;S 36 Leil 102;542EB855000000;194411860
;S 36 Leil 102;042BB855000000;194411012
;S 36 Leil 104;0498C6D3000000;421438916
;S 36 Leil 104;B481BDD3000000;420533204
;S 36 Leil 105;F4E2C6D3000000;421458100
;S 36 Leil 105;9436B855000000;194413972
;S 36 Leil 106;448AC6D3000000;421435396
;S 36 Leil 106;14B6C6D3000000;421446612
;S 36 Leil 107;E4A6C6D3000000;421442724
;S 36 Leil 107;F4CFC6D3000000;421453236
;S 36 Leil 108;24BEC6D3000000;421448676
;S 36 Leil 108;A450C6D3000000;421420644
;S 36 Leil 201;B4DEC6D3000000;421457012
;S 36 Leil 201;B4B3C6D3000000;421446004
;S 36 Leil 202;3457C6D3000000;421422324
;S 36 Leil 203;34D8C6D3000000;421455348
;S 36 Leil 203;B440C6D3000000;421416564
;S 36 Leil 204;04BDC6D3000000;421448388
;S 36 Leil 204;64AEC6D3000000;421444644
;S 36 Leil 205;24B5C6D3000000;421446372
;S 36 Leil 205;C450C6D3000000;421420676
;S 36 Leil 206;146CC6D3000000;421427668
;S 36 Leil 206;945CC6D3000000;421423700
;S 36 Leil 207;5402B855000000;21944596
;S 36 Leil 207;F496C6D3000000;421438644
;S 36 Leil 208;74F8C6D3000000;421463604
;S 36 Leil 208;A4C5C6D3000000;421450596
;S 36 Leil 301;D4A2C6D3000000;421441684
;S 36 Leil 301;14A8C6D3000000;421443028
;S 36 Leil 302;7431B855000000;194412660
;S 36 Leil 302;C4CCC6D3000000;421452420
;S 36 Leil 303;049CC6D3000000;421439940
;S 36 Leil 303;54B7C6D3000000;421446932
;S 36 Leil 304;C4D1C6D3000000;421453700
;S 36 Leil 304;24A8C6D3000000;421443044
;S 36 Leil 305;347BC6D3000000;421431540
;S 36 Leil 305;D482C6D3000000;421433492
;S 36 Leil 306;C430B855000000;194412484
;S 36 Leil 306;F4B3C6D3000000;421446068
;S 36 Leil 307;5400C7D3000000;5421584
;S 36 Leil 307;645FC6D3000000;421424420
;S 36 Leil 308;7460C6D3000000;421424692
;S 36 Leil 308;54D4C6D3000000;421454356
;S 36 Leil 401;E4AEC6D3000000;421444772
;S 36 Leil 401;94C8C6D3000000;421451348
;S 36 Leil 402;44E8B755000000;194359460
;S 36 Leil 402;A4E8C6D3000000;421459556
;S 36 Leil 403;B4CEC6D3000000;421452916
;S 36 Leil 403;D4D6C6D3000000;421454996
;S 36 Leil 404;74C3C6D3000000;421450036
;S 36 Leil 404;44C8C6D3000000;421451268
;S 36 Leil 405;0462C6D3000000;421425092
;S 36 Leil 405;E486C6D3000000;421434532
;S 36 Leil 406;E4CEC6D3000000;421452964
;S 36 Leil 406;5406C7D3000000;542151620
;S 36 Leil 407;B4AFC6D3000000;421444980
;S 36 Leil 408;84E3C6D3000000;421458244
;S 36 Leil 408;94BEBDD3000000;420548788
;S 36 Leil 501;5458C6D3000000;421422612
;S 36 Leil 501;749AC6D3000000;421439540
;S 36 Leil 502;5416C7D3000000;542155716
;S 36 Leil 502;54D9C6D3000000;421455636
;S 36 Leil 503;4401C6D3000000;54214324
;S 36 Leil 503;8404C7D3000000;542151156
;S 36 Leil 504;6479C6D3000000;421431076
;S 36 Leil 504;F4A0C6D3000000;421441204
;S 36 Leil 505;34B7C6D3000000;421446900
;S 36 Leil 505;34B0C6D3000000;421445108
;S 36 Leil 506;64B0C6D3000000;421445156
;S 36 Leil 506;64DEC6D3000000;421456932
;S 36 Leil 507;F4C5C6D3000000;421450676
;S 36 Leil 507;8446B855000000;194418052
;S 36 Leil 508;14ABBDD3000000;420543796
;S 36 Leil 508;145EC6D3000000;421424084
;L 6 Leil 201;645CC6D3000000;421423652
;L 6 Leil 201;A4B5C6D3000000;421446500
;L 6 Leil 202;94DAC6D3000000;421455956
;L 6 Leil 202;E49DC6D3000000;421440420
;L 6 Leil 203;74AFC6D3000000;421444916
;L 6 Leil 203;A495BDD3000000;420538308
;L 6 Leil 204;F492C6D3000000;421437620
;L 6 Leil 204;C444B855000000;194417604
;L 6 Leil 205;947CBDD3000000;420531892
;L 6 Leil 205;844AC6D3000000;421419076
;L 6 Leil 206;742CC7D3000000;421511380
;L 6 Leil 206;74D1C6D3000000;421453620
;L 6 Leil 207;B422B855000000;219448884
;L 6 Leil 207;8423B855000000;219449092
;L 6 Leil 208;A4B8C6D3000000;421447268
;L 6 Leil 208;F480C6D3000000;421433012
;L 6 Leil 301;64DFC6D3000000;421457188
;L 6 Leil 301;84E1C6D3000000;421457732
;L 6 Leil 302;E4E2C6D3000000;421458084
;L 6 Leil 302;F4D3C6D3000000;421454260
;L 6 Leil 303;B449C6D3000000;421418868
;L 6 Leil 303;54E3C6D3000000;421458196
;L 6 Leil 304;44B6C6D3000000;421446660
;L 6 Leil 304;14E3C6D3000000;421458132
;L 6 Leil 305;949FC6D3000000;421440852
;L 6 Leil 305;D4A1C6D3000000;421441428
;L 6 Leil 306;44C9C6D3000000;421451524
;L 6 Leil 306;842AC7D3000000;421510884
;L 6 Leil 307;F4E6B755000000;194359124
;L 6 Leil 307;24D9C6D3000000;421455588
;L 6 Leil 308;04B1C6D3000000;421445316
;L 6 Leil 308;C4ADC6D3000000;421444484
;L 6 Leil 309;94D1C6D3000000;421453652
;L 6 Leil 309;A49AC6D3000000;421439588
;L 6 Leil 401;C49FC6D3000000;421440900
;L 6 Leil 401;140AB855000000;219442580
;L 6 Leil 402;04ADC6D3000000;421444292
;L 6 Leil 402;C4BCC6D3000000;421448324
;L 6 Leil 403;D4CDC6D3000000;421452692
;L 6 Leil 403;44F4B755000000;194362532
;L 6 Leil 404;F4F6B755000000;194363220
;L 6 Leil 404;14BEC6D3000000;421448660
;L 6 Leil 405;74AEC6D3000000;421444660
;L 6 Leil 405;545CC6D3000000;421423636
;L 6 Leil 406;E473C6D3000000;421429668
;L 6 Leil 406;84CEC6D3000000;421452868
;L 6 Leil 407;B4D1C6D3000000;421453684
;L 6 Leil 407;640AB855000000;219442660
;L 6 Leil 408;B4F2B755000000;194362132
;L 6 Leil 408;E46BC6D3000000;421427620
;L 6 Leil 409;04ABC6D3000000;421443780
;L 6 Leil 501;54C9C6D3000000;421451540
;L 6 Leil 501;E43CB855000000;194415588
;L 6 Leil 502;D4C0C6D3000000;421449364
;L 6 Leil 502;84A0C6D3000000;421441092
;L 6 Leil 504;6433B855000000;194413156
;L 6 Leil 504;84BBC6D3000000;421448004
;L 6 Leil 505;3442B855000000;194416948
;L 6 Leil 505;34B9C6D3000000;421447412
;L 6 Leil 507;24A4C6D3000000;421442020
;L 6 Leil 506;849CC6D3000000;421440068
;L 6 Leil 506;54B5C6D3000000;421446420
;L 6 Leil 507;04C7BDD3000000;420550948
;L 6 Leil 508;B49DC6D3000000;421440372
;L 6 Leil 508;24DCC6D3000000;421456356
;L 6 Leil 509;94A4C6D3000000;421442132
;L 6 Leil 509;8420C7D3000000;542158324
;L 6 N¾ring 1021-101;1480BDD3000000;420532788
;L 6 N¾ring 1021-101;A4E5C6D3000000;421458788
;L 6 N¾ring 1021-101;C4CFC6D3000000;421453188
;L 6 N¾ring 1021-101;A4C9C6D3000000;421451620
;L 6 N¾ring 1021-102;3492C6D3000000;421437428
;L 6 N¾ring 1021-102;14BBC6D3000000;421447892
;L 6 N¾ring 1021-102;E44AB855000000;194419172
;L 6 N¾ring 1021-102;E489C6D3000000;421435300
;L 6 N¾ring 1021-601;E4ECB755000000;194360644
;L 6 N¾ring 1021-601;7420C7D3000000;542158308
;T 47 Leil 602;44E2C6D3000000;421457924
;T 47 Leil 603;D484C6D3000000;421434004
;L 6 N¾ring 1021-101;144EB855000000;194419988
;L 6 N¾ring 1021-101;743AB855000000;194414964
;L 6 N¾ring 1021-101;B4D5C6D3000000;421454708
;S 36 Leil 202;04C2C6D3000000;421449668
;L 6 N¾ring 1021-601;F436B855000000;194414068
;L 6 N¾ring 1021-601;74F4C6D3000000;421462580
;K 45 N¾ring 1001-N01;44E1C6D3000000;421457668
;K 43 N¾ring 1001-N02;A4ABC6D3000000;421443940
;L 6 N¾ring 1021-102;04B3C6D3000000;421445828
;K 45 Leil 201;44A7C44A000000;914042820
;T 47 N¾ring 1031-N04;84CA3C46000000;798051844
;T 47 N¾ring 1031-N04;F442C44A000000;914017140
;T 47 N¾ring 1031-N04;8466C44A000000;914026244
;Dypro Vaktmester T47-L6;54D7C44A000000;914055124
;K 43 Leil 206;1489C44A000000;914035092
;S 36 Leil 301;64D1C44A000000;914053604
;S 36 Leil 303;04CB3F46000000;798351972
;S 36 Leil 408;;
;K 45 Leil 401;C4B53C46000000;798046532
;K 43 Leil 406;44A0C6D3000000;421441028
;T 47 Leil 309;64EAC6D3000000;421460004
;K 43 Leil 204;F4DFC6D3000000;421457332
;T 47 Leil 513;;
;K 43 Leil 506;94E0C6D3000000;421457492
;K 43 Leil 506;84EAC6D3000000;421460036
;K 45 Leil 403;94F6B755000000;194363124
;T 31 Leil 501;44E0C6D3000000;421457412
;T 47 Leil 215;04C9C6D3000000;421451460
;T 47 Aftenposten;C456C6D3000000;421422212
;T 47 Aftenposten;E470C6D3000000;421428900
;T 47 Aftenposten;74C2BDD3000000;420549780
;S 36 Aftenposten;84E8C6D3000000;421459524
;S 36 Aftenposten;74E6C6D3000000;421458996
;S 36 Aftenposten;94D9C6D3000000;421455700
;L 6 Aftenposten;244EC6D3000000;421420004
;L 6 Aftenposten;04B1BDD3000000;420545316
;L 6 Aftenposten;54D5C6D3000000;421454612
;Dypro Maler;348BBDD3000000;420535636
;Dypro Uni;44CAC6D3000000;421451780
;Dypro Kone;F490C6D3000000;421437108
;T 47 Garasjepl. 26;64BABDD3000000;420547716
;T 47 Garasjepl. 32;64F8B755000000;194363588
;Dypro Saltomont¿r;649BC6D3000000;421439780
;Dypro J¿rgen;34ADC6D3000000;421444340
;Dypro Martinsen & Brodahl;E494C6D3000000;421438116
;T 31 Leil 201;04A8C6D3000000;421443012
;Dypro;44A3C6D3000000;421441796
;T 31 Leil 202;6404B855000000;219441124
;K 43 Leil 504;D4BDC6D3000000;421448596
;K 43 Leil 406;74CDC6D3000000;421452596
;K 45 Leil 401;;
;Dypro Lysteknikk;5452B855000000;194421076
;Dypro Vindusentrepren¿r;E4CFC6D3000000;421453220
;Dypro Vindusentrepren¿r;E496C6D3000000;421438628
;Dypro Kunstlager 1031-04;F499C6D3000000;421439412
;Dypro Everlite;C497C6D3000000;421438852
;Dypro Heiskontroll;D4BFC6D3000000;421449108
;Dypro Ivar Membran;C4BDC6D3000000;421448580
;Dypro HŒndtverker;B48DC6D3000000;421436276
;T 47 Leil 311;B4D3C6D3000000;421454196
;K 43 Garasjepl. 03;E4D7C6D3000000;421455268
;K 43 Garasjepl. 03;04BAC6D3000000;421447620
;Dypro Mobile Norway;;
;T 47 N¾ring 1031-N03;2451C6D3000000;421420772
;T 47 N¾ring 1031-N03;9423B855000000;219449108
;T 47 N¾ring 1031-N03;544BB855000000;194419284
;Dypro Renholder T47;3465C6D3000000;421425908
;K 45 Leil 501;F4BEC6D3000000;421448884
;T 31 Leil 206;74DBC6D3000000;421456180
;Dypro Vaskerimont¿r;D4B8C6D3000000;421447316
;Dypro Martinsen & Brodahl;8460C6D3000000;421424708
;Dypro HŒntverker;C495C6D3000000;421438340
;Dypro Francke;64DDC6D3000000;421456676
;T 31 Leil 206;1468C6D3000000;421426644
;Dypro Marius D;84A6C6D3000000;421442628
;Dypro ekstra;94C9C6D3000000;421451604
;Dypro Electrolux;6434C7D3000000;421513412
;T 31 Leil 602;34BCC6D3000000;421448180
;T 31 Leil 601;D4B8C6D3000000;421447316
;T 47 Garasjepl. 29;A4CFC6D3000000;421453156
;T 47 Leil 415;3477C6D3000000;421430516
;T 31 Leil 603;34B3C6D3000000;421445876
;Dypro HŒntverker;FA4105DB000000;606916890
;T 47 Lager 1031-L05;CAAF04DB000000;606845002
;T 47 Garasjepl. 7;FA5DFADA000000;605824058
;T 47 Garasjepl. 8;1AEA04DB000000;606859930
;T 47 Garasjepl. 13;5A9104DB000000;606837210
;T 47 Garasjepl. 14;1AD3F9DA000000;605754042
;T 47 Garasjepl. 23;1AD704DB000000;606855066
;T 47 Garasjepl. 24;FAF904DB000000;606863994
;T 47 Garasjepl. 25;AAD704DB000000;606855210
;T 47 Renovasjon;8AAD04DB000000;606844426
;T 47 Renovasjon;6AEDF9DA000000;605760778
;T 47 Garasjepl. 28;CAC6F9DA000000;605750890
;T 47 Garasjepl.31;BA8B04DB000000;606835770
;Dypro Hjelpemann Pawel;AA3FFADA000000;605816298
;T 31 Leil 207;3AC204DB000000;606849722
;T 47 Lager 1031-L03;9AD5F9DA000000;605754682
;Dypro Saltomont¿r;9AF004DB000000;606861594
;T 47 Lager 1031-L05;6A86F9DA000000;605734410
;T 47 Leil 514;1AA1F9DA000000;605741242
;K 45 Leil 201;0A9F04DB000000;606840714
;Dypro Securitas;4A2005DB000000;560698266
;Dypro Securitas;AAB0F9DA000000;605745226
;Dypro Securitas;9AD404DB000000;606854426
;T 31 Leil 406;3A28FADA000000;605810298
;Dypro  Smart systems;9A0805DB000000;560692202
;T 47 Leil 412;2AB504DB000000;606846378
;T 47 Leil 412;CA0205DB000000;56069714
;T 47 Leil 511;5AF3F9DA000000;605762298
;T 47 Leil 511;6ABB04DB000000;606847978
;L 6 Leil 406;3A3105DB000000;606912602
;L 6 Leil 406;6A4F04DB000000;606820330
;Dypro Haakon D.;7AEFF9DA000000;605761306
;K 43 Shibsted distribusjon aftenpost;BA01FADA000000;56058442
;K 43 Shibsted distribusjon aftenpost;1A40FADA000000;605816410
;K 43 Leil 205;4AB7F9DA000000;605746922
;Dypro Hans;FAE5F9DA000000;605758874
;S 36 Leil 204;FA64F9DA000000;605725850
;K 43 Leil 506;DA0EFADA000000;560583802
;T 47 Leil 601;0A0805DB000000;560692058
;Dypro Get;2A8A05DB000000;606935370
;T 31 Leil 101;FA0F05DB000000;560694090
;T 47 Leil 604;8ABB04DB000000;606848010
;T 31 garasjepl. 17;0A9DFADA000000;605840202
;K 45 Leil 203;9AB704DB000000;606847002
;Dypro Kari Stenhagen;6A9904DB000000;606839274
;Dypro Kone  Heis;EA8FF9DA000000;605736842
;Dypro Elektrolux;9AAB04DB000000;606843930
;Dypro Hafslund;94CF3C46000000;798053140
;S 36 Leil 104;1494BDD3000000;420537908
;T 31 Leil 204;44DD3F46000000;798356644
;T 31 Leil 204;4A1F05DB000000;560698010
;K 43 Garasjepl. 06;84533C46000000;798021380
;K 43 Garasjepl. 10;14DBC44A000000;914056084
;Dypro Francke;9,4148E+13;
;Dypro Halvard;2E631C86000000;433225390
;L 6 N¾ring 1021-601;8,4068E+13;
;L 6 N¾ring 1021-601;7,4038E+13;
;L 6 N¾ring 1021-601;AE741C86000000;433229870
;Dypro Ansnes elektro;0A2C425C000000;361811274
;T 31 Leil 508;24F07F49000000;881561476
;K 43 Leil 304;5E671C86000000;433226462
;T 47 Leil 312;4,4108E+13;
;T 47 Leil 514;36C8877A000000;136751254
;K 45 N¾ring 1001-N01;EEB21C86000000;433245806
;Dypro Lysteknikk;A4E77F49000000;881559300
;K 45 Leil 301;8EDE1C86000000;433256974
;T 47 Leil 409;84FE5649000000;877465156
;T 31 Leil 601;;
;T 31 Leil 601;;
;T 41 Leil 201;6ED03F85000000;411153358
;T 41 Leil 201;4E203B85000000;341078270
;T 41 Leil 202;0E9C3A85000000;410639950
;T 41 Leil 202;7EAD3985000000;410544414
;T 41 Leil 203;1EE13D85000000;410957630
;T 41 Leil 203;1E0D3D85000000;341093358
;T 41 Leil 301;EEC33685000000;410250158
;T 41 Leil 301;DE603385000000;409924798
;T 41 Leil 302;1E233C85000000;341088990
;T 41 Leil 302;8E313D85000000;410912686
;T 41 Leil 303;FE533D85000000;410921502
;T 41 Leil 303;CE0D3B85000000;341073534
;T 41 Leil 401;9E723E85000000;411029342
;T 41 Leil 401;CE1E3485000000;341007886
;T 41 Leil 402;CE113885000000;341044558
;T 41 Leil 403;7E8D3985000000;410536222
;T 41 Leil 402;1EB43C85000000;410846110
;T 41 Leil 403;FE3F3685000000;410216382
;T 41 Leil 501;CE313885000000;410412750
;T 41 Leil 501;DE583B85000000;410722750
;T 41 Leil 502;FE053485000000;341001534
;T 41 Leil 502;5EE73A85000000;410659230
;T 41 Leil 503;3EE83A85000000;410659454
;T 41 Leil 503;5E353785000000;410313662
;T 41 Leil 601;5EB73B85000000;410746942
;T 41 Leil 601;8E174085000000;341126030
;T 41 Leil 602;2E353C85000000;410813614
;T 41 Leil 602;1EAD3985000000;410544318
;Dypro Kone Heis T41;0EDE1C86000000;433256846
;Dypro Kone Heis T41;3,42557E+13;
;T 31 garasjepl. 16;54FE5649000000;877465108
;Dypro KRISEN¯KKEL;54FAD241000000;685064084
;K 45 Leil 201;6E6D1C86000000;433228014
;K 45 Leil 201;34F95649000000;877463796
;K 43 Leil 406;AEAD1C86000000;433244462
;T 47 Leil 608;;
;Dypro Hafslund T.31;641E8049000000;188167780
;Dypro Hafslund T.31;B4DC5649000000;877456500
;T 31 Leil 206;9E911C86000000;433237278
;Dypro Renholder T47;2EB11C86000000;433245358
;T 31 Leil 101;34E27F49000000;881557908
;T 47 Leil 209;9A8705DB000000;606934714
;K 45 Leil 203;9AE505DB000000;606958778
;L 6 N¾ring 1021-102;1A7605DB000000;606930234
;L 6 N¾ring 1021-102;9A6405DB000000;606925754
;L 6 N¾ring 1021-102;4A9F05DB000000;606940778
;L 6 N¾ring 1021-102;ACB63FD9000000;561546764
;Dypro Maler Roger;0AA305DB000000;606941738
;K 43 Leil 406;BA6005DB000000;606924762
;T 31 Leil 501;245D3C46000000;798023844
;Dypro Tone Halbing;DA7B06DB000000;607031706
;K 43 Leil 603;EA5005DB000000;606920714
;T 31 Leil 207;3CB93FD9000000;561547420
;K 43 Leil 206;1CC63FD9000000;561550716
;T 47 Leil 605;6A2327DB000000;561039066
;K 43 Leil 306;9A4D06DB000000;607019866
;S 36 Leil 205;EA5806DB000000;607022762
;Dypro Skadedyr;9AC506DB000000;607050586
;L 6 N¾ring 1021-102;6A0306DB000000;56070874
;L 6 N¾ring 1021-102;CC1D40D9000000;556167628
;L 6 Leil 207;848DBDD3000000;420536228
;Dypro Renholder T47;345CC6D3000000;421423604
;S 36 Leil 407;0B870534000000;331734571
;Dypro Kari Stenhagen;E45FC6D3000000;421424548
;T 31 Leil 406;3B7CC631000000;274231803
;T 31 Leil 508;2E9FDB99000000;938740750
;Dypro AM;;
;Dypro Martinsen & Brodahl;CE731C86000000;433229646
;Dypro Oppussing;24B0C6D3000000;421445092
;L 6 Leil 405;3B510534000000;331720795
;Dypro Renovasjon K43-45;2BA40534000000;331742027
;L 6 Leil 501;8EA73686000000;435842894
;Dypro Oppussing;;
;T 47 Garasjepl. 29;9EB6DAB7000000;706646750
;Dypro Haakon D.;6E5A3C86000000;436423150
;Dypro Gamlebyen Blikk;2A4A385A000000;309618986
;S 36 Leil 403;EEC2DAB7000000;706649902
;S 36 Leil 403;BE9CDB99000000;938740126
;L 6 Leil 302;2EF9DAB7000000;706663790
;Dypro Oppussing;24C8C6D3000000;421451236
;Dypro Stanley Alarm;1EA9DB99000000;938743294
;L 6 Leil 409;2EBF3686000000;435848942
;L 6 Leil 302;DEB13686000000;435845534
;Dypro Hafslund L6;2E483C86000000;436418478
;Dypro Hafslund T.47;AE70DB99000000;938728846
;Dypro Hafslund T.31;EE60DB99000000;938724814
;K 45 Leil 401;EECBDAB7000000;706652206
;T 47 Leil 418;8E933886000000;436037774
;L 6 Leil 404;64AF3C46000000;798044900
;L 6 Leil 404;64633C46000000;798025444
;T 31 Leil 505;24B33C46000000;798045860
;Dypro Fotograf;7,4208E+13;
;Kristoff SOGD/ R. BERGERSEN;AE98DB99000000;938739086
;K 43 Leil 306;5A58425C000000;361822618
;T 41 Leil 202;74483F46000000;798318548
;Dypro Sikkerhet &;9E3D3AEC000000;47415774
;T 47 Leil 316;2E0F3DEC000000;604773886
;T 47 Leil 316;AE4B38EC000000;47219374
;Dypro Hans Ducati;0C4240D9000000;561616908
;Dypro Ansnes elektro;0E193BEC000000;604756414
;Dypro sikkerhet&design;842E8049000000;881611908
;Dypro sikkerhet&design;241A5749000000;187756692
;K 43 Leil 506;4A68385A000000;309626698
;K 45 Leil 501;EE212FEC000000;604638686
;L 6 Leil 501;DE1D32EC000000;604667646
;K 45 Leil 602;64513C46000000;798020836
;L 6 N¾ring 1021-102;1E3DD7EC000000;63115646
;L 6 N¾ring 1021-102;4EC534EC000000;46850510
;Dypro Martinsen & Brodahl;4E8F34EC000000;46836686
;Dypro Arnt Sand;5EE539EC000000;47358718
;T 31 Leil 407;FE1EF3EC000000;606597934
;T 47 Leil 415;1EDEF2EC000000;65856862
;T 47 Leil 417;0E5739EC000000;47322286
;K 45 Leil 402;AE1139EC000000;604734526
;L 6 Leil 304;344CC6D3000000;421419508
;T 31 Leil 406;4EB03BEC000000;47545134
;L 6 Leil 201;6EE8F2EC000000;65859502
;L 6 Leil 201;EE083BEC000000;604752286
;L 6 Leil 201;EE5D32EC000000;46624046
;T 47 Leil 415;9EF63BEC000000;47563134
;T 47 Leil 420;9EE934EC000000;46859806
;Dypro Gamlebyen Blikk;9,42757E+13;877510132